<?xml version="1.0" encoding="UTF-8" standalone="yes"?>
<addon id="repository.projectv" name="ProjecTV By StreaMex Repo" version="1.0.0" provider-name="ProjecTV">
	<extension point="xbmc.addon.repository" name="ProjecTV By StreaMex Repo">
		<info compressed="false">https://raw.github.com/streamexMX/ProjecTV/master/addons.xml</info>
		<checksum>https://raw.github.com/kodimexico/miNuevoRepo/master/addons.xml.md5</checksum>
		<datadir zip="true">https://raw.github.com/kodimexico/miNuevoRepo/master</datadir>
	</extension>
	<extension point="xbmc.addon.metadata">
		<summary>ProjecTV By StreaMex Repo</summary>
   		<description lang="en">Entretenimiento Digital By StreaMex</description>
		<disclaimer></disclaimer>
		<platform>all</platform>
	</extension>
</addon>

